index,user_id,user_name,reply_content,topic_id,reply_id,to_reply_id,reason
556903,23893,嘉然Diana,随着科技的飞速发展，人工智能（AI）已经成为我们日常生活中不可或缺的一部分。在教育领域，像ChatGPT这样的生成式人工智能模型也带来了一系列重大变革。本文将探讨生成式AI在教育领域的影响，包括个性化学习、教师辅助以及增强学习体验等方面。个性化学习生成式AI使得个性化学习成为可能。基于学生的兴趣、学习速度和能力，智能系统可以为每个学生提供定制化的学习路径和资源。这种个性化方法有助于提高学生的学习效果和满意度，同时减轻了教师的工作负担。教师辅助生成式AI可以辅助教师进行课程设计、评估学生作业和管理课堂讨论等任务。例如，AI可以根据学生的需求和进度，自动生成个性化的练习题和反馈。这种辅助功能不仅能提高教学效率，还能让教师更多地关注学生的心理需求和个人成长。增强学习体验生成式AI还可以通过虚拟现实（VR）和增强现实（AR）技术，为学生提供沉浸式、互动式的学习体验。例如，在地理、历史或自然科学课程中，学生可以通过AI驱动的模拟环境亲身感受不同的地域、时代和生态系统。这种创新的学习方式有助于激发学生的兴趣和好奇心，提高学习成果。扩大教育机会生成式AI可以极大地扩大教育机会，特别是对于那些因地域、经济或其他原因无法接受传统教育的人群。通过在线学习平台和智能教学辅助工具，这些弱势群体可以获得更多的学习资源和机会，进而实现知识的普及和社会的公平。尽管生成式AI在教育领域带来了许多积极影响，但我们也应警惕其潜在的风险和挑战。例如，数据安全、隐私保护以及AI伦理等问题都亟待解决。以下是我们需要关注的一些挑战：数据安全和隐私保护在教育领域中，生成式AI需要大量的学生数据进行训练和优化。这就带来了数据安全和隐私保护的问题。为确保学生信息的安全，教育机构和AI开发者需要遵循严格的数据保护政策，并采取有效措施防范数据泄露和滥用的风险。人工智能伦理随着AI在教育中的广泛应用，我们需要关注相关的伦理问题。例如，如何确保AI系统不受到有偏见的数据影响，避免在学生评估和资源分配等方面产生歧视？如何避免过度依赖AI，导致人类教师的角色被削弱或边缘化？这些问题需要教育者、技术开发者和政策制定者共同思考和解决。技术普及和数字鸿沟虽然生成式AI为教育提供了巨大的潜力，但并非所有地区和群体都能平等地享受到这些好处。在很多地区，数字鸿沟依然存在，部分学生由于缺乏硬件设施、网络资源或技术支持而难以接触到AI教育。为缩小这一鸿沟，政府和社会各界需要共同努力，提供更多的投资和政策支持。适应性和持续发展教育的目标和方法需要随着社会和科技的发展不断调整。因此，在将生成式AI应用于教育时，我们需要关注其适应性和持续发展能力。这包括持续更新AI系统的知识库，以适应不断变化的教育环境；以及加强教师和学生的AI素养培训，使他们能够有效地使用和评估AI工具。总之，生成式AI对教育产生了深远的影响，为个性化学习、教师辅助和增强学习体验等方面提供了强大的支持。然而，我们也需要关注数据安全、AI伦理等方面的挑战，并采取措施确保AI技术在教育领域的公平、安全和可持续发展。,556893,556903,,
556946,23985,cherry,最开始在使用Chatgpt的时候，如果你像用百度或者google一样提问，会发现它并不会给你带来特别惊艳的地方，有时候给予你的答案甚至可能是编造的不精确的内容，但是在网上搜索了一些别人prompt的经验以后，深刻的体会到会提问真的是用好AI工具的最基本的技能。反过来思考，如何从身边的工作和生活中发现“真”问题，能否建立解决问题的思路，可能是用好chatgpt的关键。,556893,556946,,
557092,3201,任义,Chatgpt类型的Ai工具不是搜索引擎，而是生产工具，目前对教师的备课可以起到重要的作用。,556893,557092,,
557470,3201,任义,@张建鑫：它不会替代你思考，可以帮助你思考的更多面向。,556893,557470,557423,
557518,24066,陶杰,说的很客观，keChatGPT可能引发教育的深刻变革。教育工作者应谨慎地加以使用，积极吸纳ChatGPT带来的教育创新，同时通过发展评估策略、分割教学责任、加速技术革新、制定伦理指南等措施规避其可能带来的教育风险。,556893,557518,557460,
557519,24066,陶杰,@张建鑫：一定会有一些沉迷现像和依赖现象。但是客观地说还是挡不住他的存在。,556893,557519,557423,
557529,24066,陶杰,@何增强：随着AI在教育中的广泛应用，我们需要关注相关的伦理问题。例如，如何确保AI系统不受到有偏见的数据影响，避免在学生评估和资源分配等方面产生歧视？如何避免过度依赖AI，导致人类教师的角色被削弱或边缘化？这些问题需要教育者、技术开发者和政策制定者共同思考和解决。,556893,557529,557281,
557533,24380,张丽萍,生成式AI可以辅助教师进行课程设计、评估学生作业和管理课堂讨论等任务。例如，AI可以根据学生的需求和进度，自动生成个性化的练习题和反馈。这种辅助功能不仅能提高教学效率，还能让教师更多地关注学生的心理需求和个人成长。提高教师工作效率，促进学生发展。,556893,557533,,
557626,24066,陶杰,智能聊天机器人模型ChatGPT，因具有可以针对用户输入内容生成自然语言文本，支持连续多轮对话与上下文理解等特性，吸引了大量教育研究者和工作者的关注。作为AIGC的典型应用，ChatGPT会如何改变教育？它到底是教育的“阿拉丁神灯”还是“潘多拉魔盒”呢？你有什么看法？,556893,557626,,
557845,114,陈丽,@何增强：您提的问题与ChatGPT并没有直接的关系， 但是，农村教育信息化面临的挑战值得关注。,556893,557845,557281,
557846,114,陈丽,@嘉然Diana：我们也需要正视目前生成性AI现实的局限性， 其核心技术有助于我们进一步研发支持个性化教学的AI。,556893,557846,556903,
558078,24204,王振山,ChatGPT 可以帮助教授制定教学大纲、推荐阅读材料、设计教学幻灯片和课堂练习题，并用更简单的语言翻译课程或要点。人工智能技术还能帮助教师生成课程内容，提升向平台添加优秀材料的速度和规模。语语言文学、外语和历史专业的高等教育教师受到影响最大。,556893,558078,,
558524,24448,杜丹,人工智能技术还能帮助教师生成课程内容，提升向平台添加优秀材料的速度和规模。语语言文学、外语和历史专业的高等教育教师受到影响最大。,556893,558524,557423,
558869,24223,秦素霞,"       生成式人工智能（generative AI），即可以创造内容的人工智能。一个可以将简短的文字描述转变为图片的人工智能模型，你可以让它生成梵高画的狐狸，或者是披萨做的柯基。
      生成式人工智能工具，包括DALL-E和ChatGPT,生成式人工智能意味着人工智能可以根据它所得到的信息创造自己的艺术和文本。",556893,558869,,
558875,24223,秦素霞,@王振山：为师生提供一个实时分享的平台,556893,558875,558078,
558873,24223,秦素霞,@李雪辉：生成式AI使得个性化学习成为可能。,556893,558873,558686,
558878,24223,秦素霞,@王秀菊：&nbsp;可以帮助教授制定教学大纲、推荐阅读材料,556893,558878,558115,
558881,24223,秦素霞,@等待：&nbsp;可以帮助教授制定教学大纲、推荐阅读材料,556893,558881,557460,
558889,24204,王振山,@秦素霞：人工智能将变成我们教学的好助手，我们只有使用好他。,556893,558889,558869,
558969,24147,仲维国,Chatgpt如果再不断的发展下去，人工智能会不会产生"意识"?,556893,558969,,
559315,24353,陶婧,AI时代已经到来，需要我们及时梳理知识，更新转变观念。,556893,559315,,
559621,24214,韩雪梅,ChatGPT出现，应该是教育自身改革的一次重大机会，因为如果传统教育方法不改变，教育就不可能靠屏蔽它来维持下去。,556893,559621,,
559732,24451,张秀英,今天刚刚看到了微视频中相关的视频，让我豁然开朗，原本对chantGPT的产生既感到新奇，同时也感到担忧。如何理性对待新生事物，特别是来势凶猛的新生事物呢！这个视频给出了一个视角，那就是学习大禹治水的理念，导而不是堵。,556893,559732,,
559737,24451,张秀英,@王振山：把它变成助手，发挥其优势,556893,559737,558889,
559933,24436,戴忠,       ChatGPT出现和应用，对我们教育者来说应该是的一次重大机会，它会更新我们的教学理念，对我们的教育教学提供帮助。更深刻的一点是，我们在应用的时候必须更新我们旧有的传统教育方式方法的观念，因为如果传统教育方法不改变，我们就不能积极地与现代新的技术和理念融合，更不能很好的进行新技术的应用和推广。,556893,559933,,
559939,24353,陶婧,@韩雪梅：转换思维转变思想,556893,559939,559621,
559942,24353,陶婧,@曹新越：智能化教学减轻老师的负担，满足学生的个性化要求,556893,559942,558625,
560193,24223,秦素霞,@珍珍：不断的实践，不断的创新，才会让教学跟上时代的步伐。,556893,560193,560004,
560197,24223,秦素霞,@姜老师：社会在发展，我们也要不断提高自己。,556893,560197,558917,
560748,24457,解欣,我们需要摆脱传统教育的束缚，思考教育的真正意义和目的。教育不仅是传递知识，更是培养学生的独立思考、创新和实践能力，这需要我们重构教育的方式和方法。,556893,560748,,
560960,24645, ,@张建鑫：会让我们和学生们大开眼界！,556893,560960,557423,
561200,24504,郑小芳,@解欣：重新构建教育的方式方法，需要每一位老师先从观念转变，合理运用互联网技术，最终实现智能教育,556893,561200,560748,
563101,22154,唐瓷,类ChatGPT的大量出现和融入教学，必将对我们的教育教学产生强力冲击。知识尤其是陈述性知识教学在一定程度上简化或者说凝练成为提问的能力。教学中问题设计的质量对教学效果的影响更加明显。Z在类ChatGPT的环境下，我不可回避也没有办法回避，唯有主动识变、积极应变，通过提升驱动型问题设计质量来推动教学活动的深入开展、助力深度学习，培养学生批判思维和创新能力﻿。,556893,563101,,
563135,22154,唐瓷,分享一个案例在讯飞的星火认知模型上，我尝试提出了一个问题：：开展小组合作学习的关键测率。（测率的原本意图是策略。故意写错，看看平台是否识别）。以下为 平台提供的思路  开展小组合作学习的关键测量指标可能因教育目标、课程内容和教学环境而异。以下是一些建议的测量指标，以评估小组合作学习的效果：参与度：衡量每个学生在小组合作学习活动中的参与程度。这可以通过记录每个学生在讨论中发言的次数、提出问题的数量以及对其他组员的贡献来衡量。合作技能：评估学生在小组合作学习过程中所掌握的沟通、协作、解决问题等关键技能。这可以通过观察学生在小组讨论中的表现、评估他们完成团队项目的能力以及收集学生反馈来实现。知识掌握：检查学生在小组合作学习过程中对课程内容的理解和掌握程度。这可以通过测试、作业或课堂表现来衡量。学习兴趣和动力：关注学生在小组合作学习中的积极性和投入程度。这可以通过观察学生在课堂上的参与度、主动提问的次数以及与老师和同学互动的积极性来衡量。成果展示：评估小组合作学习活动产生的实际成果。这可以包括学生提交的项目作品、报告或演示文稿等。这些成果可以反映出学生在小组合作学习过程中所学到的知识、技能和态度。教师评价：收集教师对小组合作学习活动的评价，了解学生在这些活动中的表现以及教师对教学方法和策略的反馈。这有助于发现潜在的问题并改进教学方法。     总之，开展小组合作学习的关键测量指标应根据具体的教育目标和课程内容进行选择。通过综合运用多种测量方法，可以全面地评估小组合作学习的效果，为教学改进提供有力支持。针对平台对这个问题的回复，大家觉得是否是否贴切，还有什么补充、建议或启发。欢迎讨论,556893,563135,,
563508,24147,仲维国,我看了一篇关于教育元宇宙的文章，“  教育元宇宙 ”这个算是教育的新名词，我理解的不深。但是从这个词来说，是人发明出来的，好像是对英文还是什么外语的一个误译，就引起了很多人的关注，研究这个又研究那个的，又和教育联系在一起。通过这些，可以看出人们对教育做出的努力，再不断的探索新的教育教学方法。不断地尝试新的教育理念，追求更高更好的教学方式，适合更多人的学习方法方式，以促进人类文明不断的发展。在我的想法中，未来的教育教室内，可能是四周都是电子设备，高清屏幕，立体式声音，人工智能是教学者，而人是学习者。互联网技术到达更高的一个水准，电子设备可以给你带入任何的一个环境当中，犹如你就在这个环境当中。想想这会是一种什么体验？？,556893,563508,,
564103,24720,张涛,ChatGPT是一个虚拟助手，可以帮助我们解决问题、提供信息和建议。ChatGPT能够快速 准确地回答问题，可以通过文本或语音与用户交互。这个虚拟助手可以代替人工，但缺少情感，其表情很僵硬，最大优点是省时省力，可以反复使用,556893,564103,,
564889,24254,马春阳,@仲维国：我还觉得人工智能有可怕的一面,556893,564889,563508,
565081,24504,郑小芳,@邓康：深有同感。作为信息技术相对落后农村学校来说，教师在课堂教学中运用信息技术能力还比较弱，学生也没有一个良好的信息环境。,556893,565081,564214,
565091,24504,郑小芳,@杜巍：进一步加强了学科间的融合,556893,565091,561409,
565306,24147,仲维国,@张建鑫：有可能，是人都有惰性。,556893,565306,557423,
565307,24147,仲维国,@何增强：是啊，这是需要多方面的支持，比如网速这方面、电脑配置等问题，上个网太卡了,556893,565307,557281,
565351,24147,仲维国,人工智能利用的好，是可以为人类服务的。如果像电影里的那样人工智能产生自主进化，有了自己的意识，我想那个时候会可怕吧。,556893,565351,,
565477,24349,胡博,@仲维国：教学中运用信息技术还是使课堂更生动。,556893,565477,563508,
565492,24349,胡博,面对智能技术的变迁，我们需要进一步积极完善体自己的教学方法，善用ChatGPT等新型人工智能工具，培养符合未来需求的时代新人。,556893,565492,,
566017,24217,陈玲,不管科技如何飞速发展，不管一个新事物如何高效智能，我认为都是要在一个大前提下，那就是要保障人类的安全和利益。科技人员创新创造，是为了国家的不断发展，为了人民的高质量生活。凡事有利有弊，我们要利用好新事物的先进性和它所带来的便捷服务，但是同时也要警觉它所带来的危害和风险。就拿ChatGPT来说，如何去使用是我们要去认真思考的问题，会不会让我们对它产生依赖？会不会让我们成为了网络的“搬运工”？,556893,566017,,
566032,24542,吴艳红,人工智能的发展对学生今后对社会的认知有很大的作用，提升了学生对信息化时代的认识与了解。,556893,566032,,
566158,24254,马春阳,我们要利用好新事物的先进性和它所带来的便捷服务，但是同时也要警觉它所带来的危害和风险。,556893,566158,,
566239,24147,仲维国,@珍珍：新鲜产物，有利有弊,556893,566239,560004,
566242,24147,仲维国,@王秀菊：如果有这么个帮手，教师上课会轻松一些,556893,566242,558115,
566243,24147,仲维国,@王振山：人工智能越优秀，越智能化，人会不会变的懒惰呢？,556893,566243,558078,
567524,24205,袁国庆,@管建华：人工智能将在未来更加广泛的进入我们的生活，教育我认为也不会例外。但是作为教师的作用在现阶段还是不能用人工智能来替代的。,556893,567524,560681,
567525,24205,袁国庆,@李鹏：人工智能确实能给我们的教学工作提供更加便利的教学条件，也为我们的教育研究提供了更多的素材。,556893,567525,560209,
567527,24205,袁国庆,@珍珍：我保持谨慎的好奇心，对于我们有帮助的可以接受。,556893,567527,560004,
567526,24115,张淑霞, chatGPT可以为教师提供智能化教学辅助功能，提高教学效率和质量。,556893,567526,,
567528,24205,袁国庆,@戴忠：科技改变生活，互联网、信息技术也在改变我们的教育。,556893,567528,559933,
567714,24273,黄鹭捷,chatGPT 虽然很智能，能够帮助教师生成教案设计等，但是缺少智能化个性化的需求，笼统片面，并不是特别适合，有学习借鉴功能，教师自己撰写的教案还是更适合自己的教学,556893,567714,,
568188,24303,黑河 李宏梅,chatGPT 的产生有其时代的需要特性，因为被需要所以才会出现。作为一种应用的智能物件在教育发展的时间节点上，可以使教育教学更优化，成为教育教学的助力资源使用。,556893,568188,,
568564,24554,张秋莲,@马晶莹：极大提高学生的学习兴趣,556893,568564,567432,
568720,24554,张秋莲,人工智能更我们更多的紧迫感的同时，要求我们在不断地更新和进步，不断地学习与成长,556893,568720,,
568723,24554,张秋莲,有幸生长在这样一个飞速发展的时代，就让我们坦然的接受，不断地研究学习，教师在进步发展，才是学生未来之基,556893,568723,,
568860,24883,国韵宝典,随着人工智能技术的不断发展，生成式人工智能 (如 ChatGPT) 已经逐渐应用于各个领域，其中也包括教育。生成式人工智能对教育产生了深远的影响，本文将从以下几个方面探讨其影响。一、提高教学效率生成式人工智能可以自动生成教学内容，如课程安排、作业、试题等，从而大大提高教学效率。传统的教育方式，需要大量的人力物力投入，而生成式人工智能可以在短时间内完成大量的教学工作，从而节省大量的时间和成本。二、改善教学效果生成式人工智能可以根据不同的学生特点，生成个性化的教学内容，从而提高教学效果。传统的教育方式，对学生的了解程度有限，很难根据学生的特点进行个性化的教学，而生成式人工智能可以通过分析学生的学习历史和答题情况，生成个性化的教学内容，从而提高教学效果。三、促进自主学习生成式人工智能可以为学生提供个性化的学习资源，帮助学生更好地进行自主学习。传统的教育方式，学校和教师很难满足每个学生的学习需求，而生成式人工智能可以根据学生的特点，为学生提供个性化的学习资源，帮助学生更好地进行自主学习。四、提高教育质量生成式人工智能可以为教师提供教学反馈，帮助教师更好地改进教学质量。传统的教育方式，教师的教学质量很难得到及时的反馈，而生成式人工智能可以通过分析学生的学习历史和答题情况，为教师提供教学反馈，帮助教师更好地改进教学质量。五、促进教育公平生成式人工智能可以为学生提供均等的学习机会，促进教育公平。传统的教育方式，由于教育资源的不平等分配，很难满足每个学生的学习需求，而生成式人工智能可以通过提供个性化的学习资源，为学生提供均等的学习机会，促进教育公平。总结起来，生成式人工智能对教育产生了深远的影响，能够提高教学效率、改善教学效果、促进自主学习、提高教育质量和促进教育公平。,556893,568860,,
569059,24918,阚宇锋,@韩雪梅：人工智能是未来的必然，如何兼顾风险和利益是一大挑战。,556893,569059,559621,
569081,24820,黑河五中 地理老刘,曾经我在一档娱乐栏目里看到关于人工智能的辩论，其实人工智能只是一种手段，目的是为了协调教与学，学与习。希望这种工具和手段能助力当下的素质教育，让我们拭目以待,556893,569081,,
569564,24493,邵坤,希望这种工具和手段能助力当下的素质教育，让我们拭目以待﻿张秋莲 ﻿,556893,569564,568564,
569565,24493,邵坤,这个虚拟助手可以代替人工，但缺少情感，其表情很僵硬，最大优点是省时省力，可以反复使用﻿陈玲 ﻿,556893,569565,566017,
569713,158,张翼然,ChatGPT之类生成式人工智能将会对社会造成全方面的影响，学会使用AI+的人会数倍提升生产效率，会让很多职位逐渐消失，也会催生财富的集中，对教育的影响是，我们需要调整人才培养的方向和方式以应对此巨大变化。ChatGPT作为语言模型，很多人认为它能够比最专业的翻译工具Google、deeply、彩云小译等效果更好，因为不仅是翻译，还能够改变翻译的语气、模拟任何名人的风格 ，并且生成的语言非常流畅。ChatGPT是语言模型，现阶段相当于大学毕业生，可以作为实习生使用，飞快的生成文稿、新闻稿、各种文案、各种翻译和解释工作。包括可以不厌其烦的将深奥的医学知识用通俗易懂的语言解释给普通人，缓和医患关系，包括将深奥的法律条文与普通人进行沟通，部分取代律师的工作等……已经有了AI华佗，AI律师……ChatGPT现在已经有数款插件，它能够很好的充当胶水的角色，将自然语言描述的内容翻译成程序代码，查询代码，各种接口和智能调用，搞定行程、订票住宿、数据库查询等。ChatGPT很擅长指导学生编程、论文撰写、研究设计。本科生论文他们直接让GPT建议专业方向选题、让GPT建议研究方法，建议哪些理论有帮助，以及具体到做什么的时候理论如何指导，乃至论文写作润色等。让学生论文的下限得到了提高。ChatGPT很擅长分析报告，分析新闻后面的言外之意，帮助投资者分析政策走势，提供投资建议。连顶尖数学家科学家都在利用ChatGPT为他发散思维，探索更多的可能，查找化学物品的规律来研制和更快的发现可能的药物。但是……ChatGPT可以迅速生成大量小红书文案、公众号文章、商品描述。有人开玩笑的说阅读领域将会迎来大量“猪食”，以后大家可能会逐渐放弃从这些领域进行严肃阅读。ChatGPT就是小镇做题家的升级版。不管给他多少学习材料，它真学。结合现在的AI生成工具，他们代替脑力劳动者发表文章，做有耐心的助教，画画，做音乐，做视频……那我们高等教育，特别是文科领域近20年培养的人才优势何在？这些我们引以为傲的知识、能力、素养优势当然无存了。我们的教育该如何变化才能迎接AI时代带来的巨大变化呢？,556893,569713,,
570007,24233,高珊珊,随着科技的不断发展，生成式人工智能对教育产生了深远的影响，生成式人工智能可以自动生成教学内容，在短时间内完成大量的教学工作，从而节省大量的时间和成本可以根据不同的学生特点，生成个性化的教学内容，从而提高教学效果。还可以为学生提供个性化的学习资源，帮助学生更好地进行自主学习。,556893,570007,,
570008,24233,高珊珊,@国韵宝典：感谢分享，受益匪浅,556893,570008,568860,
570040,24303,黑河 李宏梅,@国韵宝典：这样的分享能够帮助我厘清智能教育的发展及其应用，感谢分享。,556893,570040,568860,
570043,24303,黑河 李宏梅,@陶婧：智能化要求教师的应用技术的能力要不断提高,556893,570043,559942,
570045,24303,黑河 李宏梅,再读，又有了新的收获。各位老师分享的内容，若串联起来，就是一个庞大的信息技术发展的应用材料。从接受到应用，再到发展，需要的不仅是硬件配置。,556893,570045,,
570148,24925,李萍,@高珊珊：人工智能将普及未来的各个领域� ,556893,570148,570007,
570181,21839, ,@张翼然：“Chat GPT现阶段相当于大学毕业生，可以当实习生用……”技术更新迭代的速度如此之快，相信很多简单的脑力劳动也可以由机器完成了，社会人士产生了担心被取代的焦虑，教育者也许可以庆幸终于要迎来个性化发展“人”而不是规模化培养“机器”的时代了,556893,570181,569713,
570208,24378,丹哩个丹丹,教师要不断进步发展，跟上网络时代教学相结合,556893,570208,,
570236,24069,王福建,@郑小芳：那就要老师们不断充实自己，改变观念，与时俱进了！,556893,570236,565081,
570331,24929,俊花,一.意识与态度  1．能够认识到教育技术的有效应用对于推进教育信息化、促进教育改革和实施国家课程标准的重要作用。 2．能够认识到教育技术能力是教师专业素质的必要组成部分。 3．能够认识到教育技术的有效应用对于优化教学过程、培养创新型人才的重要作用。 二.应用意识 1．具有在教学中应用教育技术的意识。 2．具有在教学中开展信息技术与课程整合、进行教学改革研究的意识。 3．具有运用教育技术不断丰富学习资源的意识。 4．具有关注新技术发展并尝试将新技术应用于教学的意识。 三.评价与反思 ﻿1．具有对教学资源的利用进行评价与反思的意识。 2．具有对教学过程进行评价与反思的意识。 3．具有对教学效果与效率进行评价与反思的意识。,556893,570331,,
570338,24899,吴维汉,任何的一次技术革命和时代变革都教育的影响都是很大的，教育要适应现代的技术变革，及时的做出调整，调整人才培养的方向和方式以应对此巨大变化。,556893,570338,,
570443,24579, ,跟随时代脚步，努力学习吧,556893,570443,,
570792,24120,我是名字,&lt;h1&gt;ChatGPT的出现是人工智能领域，一个里程碑式的进步。相信随着这项技术的深度开发和各个软件的结合，会对教育产生越来越多的影响。&lt;/h1&gt;,556893,570792,,
570793,24120,我是名字,分析得全面具体，值得学习。,556893,570793,,
571054,24929,俊花,    ChatGPT的划时代意义于人类盲目、惰性地享受生成内容的“福利”，那就是人类退化的表现。鼓励使用ChatGPT，拥抱新技术，才能使人站在巨人的肩膀上，人类进一步发展，但需要人去探索、循证生成内容的可靠性。,556893,571054,,
571232,24143,丛淑秀,人工智能技术可以根据学生的兴趣、水平和学习方式，智能化地为学生量身定制学习计划和教育资源，实现个性化教育。,556893,571232,,
571247,24143,丛淑秀,借助人工智能技术，教学过程可以做到自适应、交互式，容错率更高，有利于增强学生的学习积极性和深度参与度。,556893,571247,,
571250,24143,丛淑秀,传统教科书缺少与时俱进的特点，人工智能技术可以将教材智能化，根据最新的教学资料及时补充更新，不断完善教材内容。,556893,571250,,
571265,24217,陈玲,@黑河五中 地理老刘：人工智能，人在前，工在后，人领导机器，人赋予机器智能，所以，再先进的人工智能也不可能完全取代人。,556893,571265,569081,
571357,24296,赵云,需要学习的地方还很多,556893,571357,571247,
571686,24817,王承杰,借助人工智能可以提高学生的学习兴趣，一些方法还需要我们再学习，摸索。这些辅助教学定会提高学生学习效率，提升教师教学质量。,556893,571686,,
571693,24467,寒冰,@王承杰：,556893,571693,571686,
571754,24303,黑河 李宏梅,@李彬：关于智能化的应用能力还需要不断培训学习，才能做到最好,556893,571754,571737,
571756,24303,黑河 李宏梅,从学习意识的不断提升，能看出对智能化的渴望，如何发挥智能化物件的智能作用，还需要不断学习其应用能力。,556893,571756,,
571790,24554,张秋莲,不得不承认，社会进步飞速，我们必须认清自己，充实自己,556893,571790,,
571791,24554,张秋莲,在做好自身的充电学习外，还要引导学生如何在大背景下有效学习，教师的导必不可少,556893,571791,,
571793,24492,海华,明确自己的态度和认知1．能够认识到教育技术的有效应用对于推进教育信息化、促进教育改革和实施国家课程标准的重要作用。 2．能够认识到教育技术能力是教师专业素质的必要组成部分。 还应不断的反思1．具有对教学资源的利用进行评价与反思的意识。 2．具有对教学过程进行评价与反思的意识。 3．具有对教学效果与效率进行评价与反思的意识。,556893,571793,,
572180,24378,丹哩个丹丹,教育不仅是传递知识，更是培养学生的独立思考、创新和实践能力，这需要我们重构教育的方式和方法。,556893,572180,,
572434,24217,陈玲,@李秀婷-北师大-学生：很多简单的体力劳动可以被机械化取代，但是很多有技术含量的工作，机器还是代替不了的，这也在很大程度上激励和刺激我们努力上进，拼出自己的价值，不会被人工智能所代替。,556893,572434,570181,
